temp_K,pressure_Pa,rh_frac,elev_deg,true_range_m,measured_range_m,dfd_range_bias_m,corrected_range_m,err_measured_m,err_corrected_m
295.1368566120449,102436.41305703796,0.31723780758134884,60.14263716438776,20200000.0,20200002.626306087,2.7809106273505177,20199999.84539546,2.6263060867786407,-0.15460453927516937
292.5969427953152,103616.29996856416,0.2731974882340802,15.045903519907135,20200000.0,20200008.88607938,9.26215758358953,20199999.623921797,8.886079378426075,-0.37607820332050323
295.74075415240276,99646.71891141703,0.6455011746805457,14.9879709435681,20200000.0,20200009.53855555,9.378968295856847,20200000.159587257,9.538555551320314,0.15958725661039352
299.2421194256321,102000.56308402869,0.6945330085408308,10.847593266442122,20200000.0,20200014.091077983,13.420852762197168,20200000.67022522,14.091077983379364,0.6702252216637135
292.21338650110664,100544.22891705381,0.22211030137794943,76.9550978809636,20200000.0,20200001.46093653,2.3985227654684778,20199999.062413767,1.4609365314245224,-0.9375862330198288
292.21345217220323,100740.44953948236,0.8553485723705829,61.625585162130484,20200000.0,20200002.87343785,2.8159248102604146,20200000.05751304,2.873437851667404,0.0575130395591259
299.46685126202954,100614.12729091335,0.2363798985560307,34.72759859514449,20200000.0,20200004.067679368,4.147745764169963,20199999.919933602,4.067679367959499,-0.08006639778614044
296.2197389166116,100288.21107638422,0.5789074347107492,30.757490690135867,20200000.0,20200005.09769739,4.762027348072961,20200000.33567004,5.097697388380766,0.33567003905773163
291.27210245626014,101383.2259535338,0.6963423636156414,34.479226082209465,20200000.0,20200004.426496334,4.319898018900341,20200000.106598314,4.426496334373951,0.10659831389784813
295.32024017434384,100327.85986030675,0.8096783866222599,64.22574718268274,20200000.0,20200002.392994173,2.768978838891638,20199999.624015335,2.392994172871113,-0.37598466500639915
291.29632922875015,101649.5481909358,0.6998608524926995,56.29594277492901,20200000.0,20200002.79255214,2.952079105949055,20199999.840473033,2.792552139610052,-0.15952696651220322
291.28708098571894,101264.71426866103,0.7612096581488543,22.963689750722757,20200000.0,20200005.887923386,6.285936313752362,20199999.60198707,5.887923385947943,-0.3980129286646843
294.11784908626413,101038.2623437603,0.4376151347799643,22.187653473385904,20200000.0,20200006.88460361,6.346600042574732,20200000.538003568,6.88460360839963,0.5380035676062107
285.4968790213688,100235.92360555008,0.7703775796225585,16.88769547993781,20200000.0,20200008.20420191,8.193546086170755,20200000.010655824,8.20420191064477,0.010655824095010757
286.25032866994786,100632.874403318,0.2560803924692726,56.22119037909367,20200000.0,20200003.75068201,2.8000866698717957,20200000.95059534,3.750682011246681,0.9505953416228294
290.9008498830361,102231.46947099091,0.8263716592423693,63.50608635552152,20200000.0,20200002.754031476,2.7843618824689873,20199999.96966959,2.754031475633383,-0.030330408364534378
289.0986755186623,101926.10062514925,0.5833146633076154,28.55324998275028,20200000.0,20200004.705446716,5.059650101131882,20199999.645796616,4.705446716398001,-0.35420338436961174
294.40698933038107,100151.93370624173,0.7721084389737456,11.466147272163896,20200000.0,20200011.56955985,12.32641704656416,20199999.243142802,11.56955984979868,-0.7568571977317333
289.51790369791513,101444.19876651507,0.5166227991628101,15.752016723349914,20200000.0,20200007.90483432,8.806404157816939,20199999.09843016,7.904834318906069,-0.901569839566946
287.5007851946588,102226.66454804614,0.6505043866375675,77.75020243915213,20200000.0,20200001.697945226,2.490013196223441,20199999.20793203,1.697945225983858,-0.7920679710805416
299.0125950756862,99321.71366265435,0.5684818626552792,30.68113442341942,20200000.0,20200004.909866944,4.776303619007981,20200000.133563325,4.9098669439554214,0.1335633248090744
292.24689479805386,101977.03223085593,0.7121126652287324,63.84562034866935,20200000.0,20200003.011797428,2.7574349160153915,20200000.254362512,3.0117974281311035,0.2543625123798847
293.42011281875165,100529.85148926498,0.2571409874214127,53.72644981979846,20200000.0,20200002.119319983,2.9099153370471567,20199999.209404647,2.1193199828267097,-0.7905953526496887
287.4510072551461,102009.71840231179,0.24224645879339468,36.73577477570271,20200000.0,20200004.387626518,3.9401073616167643,20200000.447519157,4.387626517564058,0.4475191570818424
290.97246910189926,100409.08901214898,0.3729722638071025,24.39810835368886,20200000.0,20200005.453665204,5.695195730473846,20199999.758469474,5.45366520434618,-0.24153052642941475
293.59369035883947,99159.14147920258,0.31168127607923185,18.49704927115845,20200000.0,20200007.383484334,7.310087826470141,20200000.073396508,7.383484333753586,0.07339650765061378
288.5460256903108,99371.9490745402,0.8102484966145411,53.05090776272066,20200000.0,20200003.81054584,3.004435525246649,20200000.806110315,3.810545839369297,0.8061103150248528
294.65279207338267,101382.70193599365,0.353449791150631,64.22436464464516,20200000.0,20200003.108082432,2.6596627745452683,20200000.448419657,3.1080824322998524,0.4484196566045284
290.74744524032474,101636.66700206578,0.883105679073392,55.073297747879145,20200000.0,20200002.89952382,3.0337891414288722,20199999.865734678,2.8995238207280636,-0.13426532223820686
291.98322500082685,100239.8200498747,0.43582705423977475,47.12114932744108,20200000.0,20200002.79141362,3.2370097349945257,20199999.554403886,2.7914136201143265,-0.4455961138010025
290.7431735510824,102091.31095053285,0.3274825409820895,12.936585640214538,20200000.0,20200009.51836654,10.594274242112323,20199998.9240923,9.518366541713476,-1.0759076997637749
300.5591127380357,99331.17592527725,0.7527889549997353,77.79421443160686,20200000.0,20200002.223477583,2.5830542461915664,20199999.64042334,2.2234775833785534,-0.35957666113972664
293.09601110104825,101245.70424162321,0.6610954428506133,65.90999341582022,20200000.0,20200002.583543904,2.689109025433825,20199999.89443488,2.5835439041256905,-0.10556511953473091
288.9191562841764,99871.78056028506,0.5487370015171973,30.49754256906753,20200000.0,20200004.166572083,4.660161844404528,20199999.506410237,4.166572082787752,-0.49358976259827614
296.4401796484127,100542.79667063741,0.5887544856563418,78.59792305511955,20200000.0,20200002.43589995,2.501528434760094,20199999.934371516,2.4358999505639076,-0.06562848389148712
288.2666254001159,101381.8784055797,0.7034412447905847,52.131711274542546,20200000.0,20200003.111458596,3.073032655695369,20200000.03842594,3.111458595842123,0.03842594102025032
293.985454380019,100292.50396165925,0.3599183189319091,50.76958607450725,20200000.0,20200002.943375513,3.055803503863436,20199999.88757201,2.943375512957573,-0.11242799088358879
285.3113195044809,100863.5333469242,0.8974337412397193,62.36512256006725,20200000.0,20200002.409875784,2.7348770777363662,20199999.674998708,2.4098757840692997,-0.3250012919306755
287.83725580440625,102532.55137105733,0.8823552135027481,66.82388516630962,20200000.0,20200002.782476686,2.6981493480341685,20200000.084327336,2.7824766859412193,0.0843273364007473
293.93744494347646,100632.72975657223,0.6552279804428558,55.95350251320519,20200000.0,20200003.173234537,2.9522642133621155,20200000.220970325,3.173234537243843,0.22097032517194748
296.1038663199816,102327.83053447817,0.33967971565040156,18.966702245634004,20200000.0,20200006.87069031,7.415889849442576,20199999.45480046,6.870690308511257,-0.5451995395123959
293.83547312475986,99969.35177441085,0.676159769701904,33.67872541961489,20200000.0,20200005.09055778,4.385091590432612,20200000.70546619,5.0905577801167965,0.7054661884903908
292.68740687044703,101960.76501349834,0.2505388862854231,74.96585482282349,20200000.0,20200002.411374677,2.4606687425402374,20199999.950705934,2.4113746769726276,-0.049294065684080124
291.9455852176428,103054.88234478948,0.22145675154406425,25.723092829069635,20200000.0,20200005.504979398,5.495554584248163,20200000.009424813,5.504979398101568,0.009424813091754913
287.2359120385303,98359.02659984725,0.3803780219578496,36.051691668625935,20200000.0,20200004.25434812,3.9002409089810475,20200000.354107212,4.254348121583462,0.35410721227526665
290.27062316642116,100368.72569343542,0.5238360697175214,40.24538180609372,20200000.0,20200003.803463247,3.6868551812746193,20200000.116608065,3.8034632466733456,0.11660806462168694
291.3074449161608,102017.48655261665,0.8077907537858664,40.758349278611654,20200000.0,20200004.28200976,3.8054414458003243,20200000.476568315,4.2820097617805,0.4765683151781559
297.37848890487567,101081.34553674841,0.7090183488364157,52.905770774616784,20200000.0,20200003.285636317,3.14207423627244,20200000.143562082,3.285636316984892,0.14356208220124245
294.52447315827385,101770.37504804556,0.7198945648399868,76.01530864212953,20200000.0,20200002.265498757,2.5717174433632195,20199999.693781313,2.2654987573623657,-0.3062186874449253
286.09783937854905,100600.21777594101,0.4978453341136527,26.848489828275348,20200000.0,20200005.400199816,5.219448053558609,20200000.180751763,5.400199815630913,0.1807517632842064
294.44633587757914,101428.90774496748,0.44215449478287405,18.505096341064267,20200000.0,20200007.010367233,7.58223033516366,20199999.428136896,7.0103672333061695,-0.5718631036579609
291.6096708783347,101138.1873175295,0.4597271340892219,23.82293429019561,20200000.0,20200005.97114301,5.916863159280961,20200000.054279853,5.971143011003733,0.05427985265851021
290.4423119987761,102726.33847399177,0.8913546946152404,72.08474301464886,20200000.0,20200002.623618435,2.6402334317242353,20199999.983385004,2.623618435114622,-0.016614995896816254
295.59670515536345,101630.30501196145,0.22807643398873775,55.20675688586442,20200000.0,20200002.783768848,2.887827276845641,20199999.89594157,2.7837688475847244,-0.10405842959880829
297.27399808998376,101730.12319449024,0.8069220472857139,30.01347524674121,20200000.0,20200005.02164758,5.085916335665838,20199999.935731243,5.021647579967976,-0.06426875665783882
296.87512047646476,100830.74764065303,0.6050727860006754,67.11628572780322,20200000.0,20200001.736310933,2.677235454886072,20199999.05907548,1.7363109327852726,-0.940924521535635
289.7931299071094,100739.87253111301,0.5070307934327133,70.29589974544052,20200000.0,20200002.261913907,2.5362763589290847,20199999.725637548,2.2619139067828655,-0.2743624523282051
291.9131504965951,100805.93017461646,0.7076803622905956,69.25600370831947,20200000.0,20200002.66087255,2.6144500967152093,20200000.04642245,2.6608725488185883,0.04642245173454285
294.47505372561426,101798.34257085396,0.540668258997292,74.32485735476881,20200000.0,20200002.625550505,2.5456223092303145,20200000.079928197,2.625550504773855,0.0799281969666481
297.0521805084894,100819.81862301569,0.8113962666571624,27.65687141213531,20200000.0,20200004.917089466,5.430927036408834,20199999.486162428,4.917089466005564,-0.5138375721871853
291.23330304861884,101672.7298282757,0.830491304807881,62.85293501223948,20200000.0,20200003.42364266,2.790788739582715,20200000.63285392,3.423642661422491,0.6328539215028286
292.4073640933447,103815.48095837452,0.4952046488114188,42.2377648091898,20200000.0,20200003.238429483,3.671516908231235,20199999.566912577,3.238429483026266,-0.43308742344379425
288.72466010397585,102370.34964411803,0.39377945806453607,68.9398987023043,20200000.0,20200003.055203125,2.5704745234966278,20200000.4847286,3.0552031248807907,0.4847286008298397
288.3651735036773,100933.77176139859,0.6146452300153535,60.99434740131292,20200000.0,20200002.960150752,2.746553568772939,20200000.213597182,2.9601507522165775,0.21359718218445778
296.40010328957675,102766.45670659673,0.8386543419316836,64.35132125498072,20200000.0,20200002.52837046,2.8514841110354703,20199999.676886346,2.5283704586327076,-0.32311365380883217
298.5749601142833,100835.30955237414,0.3474635323039666,55.93132863767501,20200000.0,20200003.787467923,2.8998124793252384,20200000.887655444,3.787467923015356,0.8876554444432259
292.86195951367864,98879.25055778658,0.6360766084944379,22.42001386287948,20200000.0,20200005.656886473,6.25370488979931,20199999.403181583,5.656886473298073,-0.5968184173107147
297.1641315915681,100115.29642689912,0.6420921540647644,48.15188432278568,20200000.0,20200003.764378212,3.3048011244125584,20200000.459577087,3.76437821239233,0.4595770873129368
294.5965441001905,99080.04969476897,0.7131791156906966,78.92688176671557,20200000.0,20200002.98001845,2.479727294380229,20200000.500291158,2.980018451809883,0.5002911575138569
290.5695209815795,100903.18381915044,0.2920973795890819,75.61716465479833,20200000.0,20200002.09487598,2.430186086065618,20199999.664689895,2.094875980168581,-0.33531010523438454
294.59558242203366,101347.10205502746,0.701077475277462,13.022161505790816,20200000.0,20200011.633061,10.936828347311344,20200000.69623265,11.63306099921465,0.6962326504290104
299.3021462658638,103336.72477473033,0.8363227644659488,21.537037101060598,20200000.0,20200006.997697882,7.122721140268715,20199999.874976743,6.9976978823542595,-0.1250232569873333
293.0066958435602,101717.312848517,0.3257781762091694,19.22101414181933,20200000.0,20200007.368664686,7.224317869187855,20200000.144346815,7.368664685636759,0.14434681460261345
299.408574623256,101062.07936542937,0.36628032744671435,60.81859369897069,20200000.0,20200002.900982335,2.770821415612609,20200000.13016092,2.9009823352098465,0.13016092032194138
282.671019583641,102320.28669742019,0.8799765658291476,67.24497308998616,20200000.0,20200002.572996873,2.6401512427845555,20199999.93284563,2.572996873408556,-0.06715437024831772
296.43761001750084,98671.63762919053,0.32668386689664286,24.945795641747033,20200000.0,20200005.92685177,5.521447637367349,20200000.405404136,5.926851771771908,0.40540413558483124
293.4981882729527,101607.73746973027,0.7980695653587053,45.40968850662803,20200000.0,20200003.902411483,3.5056671239821346,20200000.39674436,3.9024114832282066,0.39674435928463936
291.9539705981365,102250.03823266436,0.5445944995136243,68.849211960784,20200000.0,20200001.74540329,2.6196692765260625,20199999.125734013,1.7454032897949219,-0.8742659874260426
293.517043106142,99550.69650506419,0.3730617520822239,61.29610813363754,20200000.0,20200003.333735406,2.681565283144332,20200000.65217012,3.333735406398773,0.6521701216697693
285.1997243415964,102697.50485184831,0.8095249308907579,47.95660438442938,20200000.0,20200002.46726051,3.2985065015334385,20199999.168754008,2.4672605097293854,-0.8312459923326969
292.27131244864995,101731.19568899329,0.5117136785018659,51.3243383321141,20200000.0,20200003.62204632,3.105773219513896,20200000.516273104,3.622046321630478,0.5162731036543846
294.578450286047,100826.65450331903,0.5603721477507831,45.5852382841396,20200000.0,20200003.967563108,3.4042105383754917,20200000.56335257,3.967563107609749,0.563352569937706
299.06157617896605,102084.33823932754,0.451463358579836,30.82839159231744,20200000.0,20200004.260195076,4.8056782922237815,20199999.454516783,4.260195076465607,-0.5454832166433334
291.0769191269054,104049.83142936528,0.6150655960044492,49.55153950013113,20200000.0,20200003.067362264,3.272769408200189,20199999.794592857,3.0673622637987137,-0.20540714263916016
289.9160255884272,101543.2395060702,0.31446671080951594,58.22197114350635,20200000.0,20200002.234034322,2.7868866548873665,20199999.447147667,2.2340343222022057,-0.5528523325920105
291.14297182566185,101622.86470356041,0.4737570756562325,71.13260411025654,20200000.0,20200002.43849738,2.5459578918208026,20199999.892539486,2.438497379422188,-0.10746051371097565
296.81160847080827,100773.7669205517,0.8785886256347013,54.540394778547366,20200000.0,20200002.965613846,3.1196309868562926,20199999.845982857,2.9656138457357883,-0.1540171429514885
294.46500443863874,100305.18675664224,0.3806934028907893,63.27850759302106,20200000.0,20200003.05019211,2.6603618437397274,20200000.389830265,3.0501921102404594,0.3898302651941776
291.0309591849318,102321.4029798531,0.6597156651789045,21.20501444682011,20200000.0,20200007.435765408,6.780611035607996,20200000.655154373,7.435765407979488,0.6551543734967709
295.2030697324534,100297.69940890936,0.4276330449572864,42.309023209385295,20200000.0,20200004.248226896,3.550384991509234,20200000.697841905,4.248226895928383,0.6978419050574303
293.53831019739215,101410.87948466327,0.7414311879806204,10.65321338789653,20200000.0,20200013.029400073,13.31048408588242,20199999.718915988,13.029400072991848,-0.28108401224017143
297.02457996213155,100751.81106388186,0.29161156250284487,27.26752051651361,20200000.0,20200005.06798222,5.172593157186607,20199999.89538906,5.067982219159603,-0.10461093857884407
290.34178762449056,101899.77579089567,0.8788747315549812,60.85232005791034,20200000.0,20200002.008068457,2.849787550655159,20199999.158280905,2.0080684572458267,-0.8417190946638584
291.8393514136089,101725.39452634433,0.5176526789685474,79.42669659445544,20200000.0,20200002.064538974,2.4674740072028185,20199999.59706497,2.064538974314928,-0.4029350318014622
291.58156738747135,102570.04793310948,0.36523532434252476,16.942466971105112,20200000.0,20200008.71206625,8.22964043707456,20200000.482425816,8.712066251784563,0.4824258163571358
287.2959402074715,100712.9803213743,0.2514477231310089,38.10460211029017,20200000.0,20200004.581253525,3.773462111891403,20200000.807791412,4.58125352486968,0.8077914118766785
294.3344811082583,101001.15007764795,0.31883053356127855,66.00496780894116,20200000.0,20200001.983979262,2.6011536990100677,20199999.382825565,1.9839792624115944,-0.6171744354069233
294.19422108871953,100150.48354106123,0.5638417639892124,24.28249442402292,20200000.0,20200005.561251458,5.857483589689614,20199999.70376787,5.5612514577806,-0.2962321303784847
293.1704538265698,100791.84808790867,0.43590222350190044,48.85594645116004,20200000.0,20200003.162670393,3.1758732738711224,20199999.98679712,3.1626703925430775,-0.013202879577875137
292.2116514664994,101777.76059165382,0.7802183561178266,61.31499072207723,20200000.0,20200002.972521957,2.8324413768810874,20200000.14008058,2.9725219570100307,0.14008057862520218
287.4885170317983,102233.38633997442,0.5016212665632642,53.118981518212536,20200000.0,20200002.604075585,3.0088773460840104,20199999.59519824,2.6040755845606327,-0.40480175986886024
291.46741870893857,100218.40161098685,0.37409999081134093,23.16173142307913,20200000.0,20200006.187071547,5.975041023761726,20200000.212030523,6.187071546912193,0.21203052252531052
291.7791419338929,102368.5271041268,0.6320014906228211,34.87691980800176,20200000.0,20200004.06295948,4.299879155415222,20199999.763080325,4.062959481030703,-0.23691967502236366
289.9408909231135,102951.76543056594,0.694744051819812,64.8654249139778,20200000.0,20200002.725709118,2.7329352546556156,20199999.992773864,2.725709117949009,-0.007226135581731796
292.50485715333593,101821.12188386844,0.31692933553066494,48.79585598924116,20200000.0,20200003.442930464,3.1697883382032668,20200000.273142125,3.4429304637014866,0.27314212545752525
294.7662034272581,103577.15497506967,0.31733345140182234,10.366072948003891,20200000.0,20200013.426962156,13.423751024087794,20200000.003211133,13.426962155848742,0.0032111331820487976
300.6947436048421,100396.45296107572,0.2256699988534801,63.26935320196657,20200000.0,20200002.42811732,2.6463102644086027,20199999.781807054,2.4281173199415207,-0.2181929461658001
293.84831125132735,99831.4143560263,0.7154814105459484,12.471794845816735,20200000.0,20200011.175684787,11.23048969103877,20199999.945195097,11.175684787333012,-0.05480490252375603
294.18020156289106,99190.53570131486,0.6646631693352636,62.20136479118625,20200000.0,20200002.689925987,2.7341074668611096,20199999.95581852,2.6899259872734547,-0.04418148100376129
292.8522163369353,103120.25317378702,0.5322416130248697,24.173639211566616,20200000.0,20200005.81896678,6.003972295959427,20199999.814994484,5.818966779857874,-0.18500551581382751
285.4749151388038,102110.23878762487,0.7909193142784379,77.06514360835662,20200000.0,20200002.372487765,2.5018857988198384,20199999.870601967,2.3724877648055553,-0.12939803302288055
293.04394449820313,101258.29839490746,0.7639691070650372,35.75585259114591,20200000.0,20200005.0335091,4.234185518268563,20200000.799323585,5.033509101718664,0.7993235848844051
293.3909208397641,101660.96235158379,0.6097480550777266,32.88521314366554,20200000.0,20200004.79335804,4.51289831629035,20200000.280459724,4.793358039110899,0.2804597243666649
303.00296844994114,99974.41314324195,0.8077898963592811,20.422163523271127,20200000.0,20200007.269116566,7.416856724609,20199999.85225984,7.269116565585136,-0.14774015918374062
292.3805561408755,104259.90237554019,0.3440888470257378,31.39229508431504,20200000.0,20200005.03750734,4.689030135577712,20200000.348477203,5.037507340312004,0.34847720339894295
294.3561893693344,101480.06541837027,0.2783437335784095,71.36555332797404,20200000.0,20200002.34245859,2.5093683353417897,20199999.833090257,2.342458590865135,-0.16690974310040474
293.011152921179,101456.27375352588,0.3888247280618927,79.7434036339073,20200000.0,20200003.02345828,2.436895959005592,20200000.58656232,3.023458279669285,0.5865623205900192
288.47528784952186,102195.91994867843,0.2399607992625204,35.78166713547938,20200000.0,20200004.22599131,4.041170212659803,20200000.184821095,4.225991308689117,0.18482109531760216
297.72129125806003,101902.21107808406,0.5718186696007224,41.40274416681798,20200000.0,20200003.70585967,3.7595107404389965,20199999.946348928,3.7058596685528755,-0.05365107208490372
296.1577321307471,101593.66082913495,0.855623984606473,60.544965674191594,20200000.0,20200003.146540992,2.922682528992622,20200000.223858465,3.146540991961956,0.22385846450924873
296.3141277881722,100376.43065346562,0.22754047846795677,72.03370463255521,20200000.0,20200001.6817883,2.467226373046536,20199999.214561924,1.6817882992327213,-0.7854380756616592
289.512450180821,101890.7620285632,0.28547693980701877,51.51310339307489,20200000.0,20200002.46375676,3.027140495210445,20199999.436616264,2.4637567587196827,-0.5633837357163429
298.7611772437444,103583.42939577004,0.5165393197984047,37.40679887244805,20200000.0,20200003.545745037,4.142707542582954,20199999.403037496,3.54574503749609,-0.5969625040888786
287.5425957488309,102939.50405538597,0.8537125122695335,38.88352885940366,20200000.0,20200004.0202621,3.948790552895753,20200000.071471546,4.020262099802494,0.07147154584527016
295.4974283752011,103236.82395196728,0.4213092734837254,58.69327025477648,20200000.0,20200003.744289134,2.8780316335398584,20200000.8662575,3.744289133697748,0.8662574999034405
301.9118225032399,100711.54118828257,0.5550643660818747,10.225278452299507,20200000.0,20200015.078916308,13.963266234949101,20200001.115650073,15.078916307538748,1.1156500726938248
289.1878546994772,100137.4742156897,0.22910100133527447,53.371253622188846,20200000.0,20200003.208155956,2.889130406323135,20200000.31902555,3.208155956119299,0.31902555003762245
290.8848090815889,101174.05569588042,0.3038402406734622,34.884510730895016,20200000.0,20200004.374734964,4.1243127243350415,20200000.25042224,4.374734964221716,0.25042223930358887
293.54860546035053,101391.86989474643,0.8906410860711929,65.59381318939589,20200000.0,20200001.86268172,2.7632105890463996,20199999.099471133,1.862681720405817,-0.9005288667976856
291.1360973835352,102638.02982216513,0.875583087505232,16.509344787619252,20200000.0,20200008.5298691,8.801205996571145,20199999.7286631,8.529869098216295,-0.2713368982076645
286.94734627573547,99294.04244434222,0.20345798665408674,51.17415868638734,20200000.0,20200002.545289896,2.9391817707002574,20199999.606108125,2.545289896428585,-0.3938918747007847
293.4242518992241,103160.46038335274,0.8662682497962673,43.668102292028664,20200000.0,20200003.37784358,3.688267379910987,20199999.6895762,3.3778435811400414,-0.3104237988591194
288.90078514509554,101135.39052170521,0.6473839564708502,54.962786813365916,20200000.0,20200002.865903687,2.949975593213155,20199999.91592809,2.8659036867320538,-0.08407190814614296
295.0443697225407,100812.74271606309,0.8075428061640155,14.539751613807784,20200000.0,20200009.666440733,9.902486022020293,20199999.76395471,9.666440732777119,-0.23604528978466988
289.47230306306477,100110.4747496878,0.5183178989437014,50.59886511996919,20200000.0,20200002.0797496,3.0693995054519925,20199999.010350093,2.0797495990991592,-0.9896499067544937
299.34973762007013,99339.17199376108,0.5609172200054752,49.30392115716666,20200000.0,20200003.59490241,3.220947282463509,20200000.373955127,3.5949024111032486,0.3739551268517971
290.016986830655,102312.80470075429,0.5421926061798441,49.24620660913197,20200000.0,20200002.670709528,3.207081042279705,20199999.463628486,2.670709528028965,-0.5363715142011642
291.86175393517726,101412.98156062608,0.6668049802822731,52.24413666175184,20200000.0,20200003.215788025,3.0961645919622782,20200000.119623434,3.2157880254089832,0.11962343379855156
296.40406886947864,99777.04692031074,0.297755878329419,57.35275560584535,20200000.0,20200003.8301233,2.793081964208113,20200001.037041336,3.8301233015954494,1.037041336297989
288.22654273426417,99770.90547352366,0.2209815129108746,66.34922997765389,20200000.0,20200002.059639547,2.5193318422188757,20199999.540307704,2.059639547020197,-0.459692295640707
294.0598397384165,100922.05836085185,0.41555095911383366,28.887450408975003,20200000.0,20200003.684388485,4.949532244213491,20199998.73485624,3.6843884848058224,-1.265143759548664
298.3785710171297,103327.82583034727,0.6932765339156527,67.75345871260434,20200000.0,20200002.629445657,2.7724477672320442,20199999.85699789,2.629445657134056,-0.14300211146473885
286.72006706175506,101013.49037836367,0.3412974164860638,44.877897758441755,20200000.0,20200003.879772674,3.3292928552203587,20200000.550479818,3.879772674292326,0.5504798181355
293.8885354341292,99521.22845625828,0.6714027033274421,15.394079539403181,20200000.0,20200010.06512171,9.085947984689893,20200000.979173727,10.065121710300446,0.9791737273335457
294.1895311769937,101030.10832309687,0.8789384322750893,14.098565047078544,20200000.0,20200009.63930722,10.25408201838399,20199999.385225203,9.639307219535112,-0.6147747971117496
296.2772914871092,100997.73171630279,0.2657305010525929,33.39668230872425,20200000.0,20200004.547746573,4.299396961550719,20200000.24834961,4.5477465726435184,0.2483496107161045
288.20219715648767,98088.73602847011,0.6708214827575883,64.94278839780273,20200000.0,20200002.357368924,2.5900241493436233,20199999.767344773,2.3573689237236977,-0.23265522718429565
287.8681735476629,101259.84616017863,0.5106251535131998,59.537665431864106,20200000.0,20200002.718291834,2.7712660095851245,20199999.947025824,2.7182918339967728,-0.05297417566180229
295.2377662624676,101047.87856374959,0.8076995780642537,65.20304752706845,20200000.0,20200004.085404225,2.763232550791533,20200001.322171673,4.085404224693775,1.3221716731786728
294.3379386929327,102160.4476377761,0.32400485261317014,46.208833950912656,20200000.0,20200002.57582887,3.32731403407009,20199999.248514835,2.575828868895769,-0.7514851652085781
294.1519714013835,103543.74731393441,0.6848381665583152,40.81392985688434,20200000.0,20200003.981606133,3.8547363023297665,20200000.12686983,3.9816061332821846,0.1268698312342167
294.53579283798786,102676.87803545731,0.7866807027536771,20.321676869439877,20200000.0,20200007.49609186,7.262245276072343,20200000.233846586,7.496091861277819,0.23384658619761467
290.429901113686,101002.33357133421,0.8612299536318162,32.97349275265181,20200000.0,20200005.066038508,4.523145344418762,20200000.542893164,5.066038507968187,0.5428931638598442
294.079014788644,99997.16890951,0.678273619802752,40.381355632171264,20200000.0,20200003.809788536,3.7607969594380477,20200000.048991576,3.8097885362803936,0.048991575837135315
294.3222898931947,104413.03176389984,0.5480223348058991,16.202030077573205,20200000.0,20200009.10413836,8.95011308843919,20200000.15402527,9.104138359427452,0.15402527153491974
290.2925943278945,101396.06212081738,0.6324930681408496,25.442836689784787,20200000.0,20200005.443238575,5.639062860168471,20199999.804175716,5.443238575011492,-0.195824284106493
300.613098044579,101341.71515029554,0.8082334891351026,51.87577058446172,20200000.0,20200003.42454318,3.289979706571958,20200000.134563472,3.4245431795716286,0.13456347212195396
295.04533168364713,101296.049895468,0.5994268226471808,61.49641799674329,20200000.0,20200002.62542097,2.7970171056390325,20199999.828403864,2.625420968979597,-0.17159613594412804
288.38478601118936,101562.70171292142,0.2212709417877858,79.88432579750648,20200000.0,20200002.69786443,2.3870784836511665,20200000.310785946,2.6978644281625748,0.3107859455049038
295.7762144345353,101151.76750569127,0.8516640868548844,75.31793319404903,20200000.0,20200002.4306649,2.6154700688533206,20199999.81519483,2.430664900690317,-0.18480516970157623
289.25127331909067,100636.60559174372,0.6826687257220927,54.979563967463406,20200000.0,20200003.134947944,2.946397747261032,20200000.188550197,3.134947944432497,0.1885501965880394
296.2983384149698,100668.76927051153,0.6735593700440725,39.487363730585045,20200000.0,20200003.8738908,3.8885222053697226,20199999.985368595,3.8738907985389233,-0.014631405472755432
297.7843823160296,101285.69607574081,0.350972606678402,54.53241552957629,20200000.0,20200003.520266246,2.9572411215632415,20200000.563025124,3.5202662460505962,0.5630251243710518
289.8672707265931,100672.89027463949,0.66121982916286,64.99561326561624,20200000.0,20200002.639499597,2.6651964584923107,20199999.974303138,2.6394995972514153,-0.02569686248898506
297.0035045169773,100469.5850607874,0.47570508395791095,18.283533364637112,20200000.0,20200006.800181214,7.686697448692414,20199999.113483764,6.800181213766336,-0.886516235768795
294.80112370774594,101452.71627323028,0.6558630839290445,38.693342278740175,20200000.0,20200004.583017867,3.9520571139395053,20200000.63096075,4.5830178670585155,0.630960751324892
296.43824063997795,101019.02733909497,0.2746151212155935,68.7861599944932,20200000.0,20200002.094574645,2.547440797121094,20199999.547133848,2.0945746451616287,-0.4528661519289017
300.7371719306158,103129.79158629922,0.6604917132221252,36.868306635313076,20200000.0,20200003.966650676,4.293533845036943,20199999.67311683,3.966650675982237,-0.3268831707537174
292.1684475359885,98143.83622992839,0.8995896080394665,50.03105898590306,20200000.0,20200002.868176073,3.1660067201635287,20199999.70216935,2.8681760728359222,-0.29783064872026443
290.13505534257,102634.80822230695,0.23374842720238923,51.143855260353874,20200000.0,20200003.74150061,3.05428156205438,20200000.687219046,3.741500608623028,0.6872190460562706
289.5919422814979,102820.30223099716,0.884021928954922,22.913337719354757,20200000.0,20200005.341520466,6.409357574353631,20199998.932162892,5.341520465910435,-1.0678371079266071
289.88675886013823,98836.93172111022,0.4848355725060094,35.356480915660185,20200000.0,20200005.606668264,4.037793998586794,20200001.568874266,5.606668263673782,1.568874265998602
292.84159316234354,100913.77488710359,0.8095274152360814,33.415790211935246,20200000.0,20200005.020434063,4.492405657076074,20200000.528028406,5.020434062927961,0.5280284062027931
294.51460789926654,100879.27096080505,0.7476698388407914,11.833769597244535,20200000.0,20200012.119995955,12.008376498561152,20200000.111619458,12.119995955377817,0.11161945760250092
294.25676319732,99635.98596633862,0.5969113826906675,11.693423472394867,20200000.0,20200011.788696565,11.816143564922369,20199999.972553,11.788696564733982,-0.02744700014591217
296.4587329961441,100391.61997489096,0.7169144464759285,68.21879305730414,20200000.0,20200002.817456298,2.6746792594056696,20200000.142777037,2.8174562975764275,0.14277703687548637
293.2020075675116,99992.308985441,0.8149608929109435,29.11495669809687,20200000.0,20200005.31034479,5.049783575082201,20200000.260561213,5.310344789177179,0.2605612128973007
298.96413630862924,103427.72453210835,0.48289822515572306,46.26551363671708,20200000.0,20200003.790404875,3.467797083656218,20200000.322607793,3.790404874831438,0.3226077929139137
292.0913726670482,102447.81407177696,0.42892321309426706,30.910790151214115,20200000.0,20200004.9852624,4.707460168297405,20200000.277802233,4.985262401401997,0.2778022326529026
304.03067666635843,102850.86611399299,0.6673153698945093,75.84754715807384,20200000.0,20200002.75032923,2.7055388872980246,20200000.044790342,2.750329229980707,0.04479034245014191
295.65266939106,102191.00647685188,0.765492159358881,28.150773120604164,20200000.0,20200005.247148123,5.345817331848779,20199999.90133079,5.247148122638464,-0.09866920858621597
289.72136977433485,99970.13787453933,0.7335995943436311,40.07597689172546,20200000.0,20200003.665986143,3.7416227833337934,20199999.92436336,3.665986143052578,-0.07563664019107819
288.8664300077555,100695.57568046427,0.758469554201044,71.09111753392213,20200000.0,20200002.467396494,2.564850634386309,20199999.90254586,2.46739649400115,-0.09745414182543755
295.0798896609727,101912.24947347351,0.5049083203690531,68.93534967542661,20200000.0,20200003.190906014,2.6240209671094785,20200000.566885047,3.1909060142934322,0.5668850466609001
292.2561488586966,99858.44662932967,0.772483951322515,23.027099249239413,20200000.0,20200006.514756843,6.2179784794328565,20200000.296778362,6.514756843447685,0.2967783622443676
296.00600197636834,102180.59811620686,0.2841463387594259,66.18503168569973,20200000.0,20200001.15508233,2.6252766464559114,20199998.529805683,1.155082330107689,-1.4701943174004555
295.04295049829415,101036.60952221024,0.5811423685725947,42.073082071652486,20200000.0,20200003.976720702,3.6487703151940023,20200000.32795039,3.976720701903105,0.3279503881931305
292.8586843493725,100875.21503094048,0.20403106234868512,43.80782104597486,20200000.0,20200003.475714684,3.378346583199877,20200000.0973681,3.475714683532715,0.09736809879541397
289.76282512772633,102178.1519618442,0.4272100809301892,19.343598069116062,20200000.0,20200007.220921636,7.230276012874322,20199999.99064562,7.220921635627747,-0.009354379028081894
287.0906111012565,101858.11597378325,0.4565230744099785,15.642105962998727,20200000.0,20200008.622869764,8.817128988790248,20199999.805740774,8.62286976352334,-0.19425922632217407
291.3639401917319,100891.8406010171,0.4773208841264788,60.955751488163564,20200000.0,20200003.300022688,2.737966330204902,20200000.56205636,3.3000226877629757,0.5620563589036465
296.57559517729385,102716.1957640371,0.6868270446829035,44.75228066487098,20200000.0,20200004.06279683,3.5890336003646808,20200000.47376323,4.0627968311309814,0.47376323118805885
294.0063749765208,100027.72400688012,0.471990670889242,40.57954918306257,20200000.0,20200003.28264523,3.669084063231749,20199999.613561165,3.2826452292501926,-0.38643883541226387
288.16704488515205,102064.12272833311,0.5140855358357714,61.06557600566777,20200000.0,20200002.95650336,2.7529772181834136,20200000.203526143,2.9565033614635468,0.20352614298462868
293.8427237034047,102036.72150956206,0.36628089161202926,63.58590292937768,20200000.0,20200002.20381963,2.6896479966474978,20199999.514171634,2.203819628804922,-0.48582836613059044
294.6912695189153,100953.54427282322,0.4612762541405381,21.12357173685475,20200000.0,20200005.9802606,6.670069684804,20199999.310190916,5.980260599404573,-0.6898090839385986
289.6145702551954,101716.35962669054,0.359088739084206,52.71576046343489,20200000.0,20200002.677579094,2.9909377050562918,20199999.686641388,2.677579093724489,-0.3133586123585701
293.7649004237821,99823.66370833764,0.2512371466379105,19.474785759437985,20200000.0,20200007.39375366,6.962556920157112,20200000.431196738,7.393753658980131,0.43119673803448677
293.38283487378396,102433.83242304828,0.6224140153669645,62.596256022033195,20200000.0,20200003.264592443,2.7880299200163283,20200000.476562522,3.264592442661524,0.4765625223517418
288.57811880867746,101103.11743626841,0.6677489589885113,55.98686093869976,20200000.0,20200003.171315588,2.914772880719526,20200000.25654271,3.171315588057041,0.25654270872473717
294.5811494413931,100697.73237537715,0.6336432422067302,76.96302347584206,20200000.0,20200002.877555355,2.51500746344681,20200000.362547893,2.8775553554296494,0.3625478930771351
295.39313810547293,102583.81107100427,0.5244458306604006,14.827061144949482,20200000.0,20200009.859002825,9.600913680112704,20200000.258089144,9.859002824872732,0.2580891437828541
297.4822049727011,100479.78757134869,0.4658500461254609,13.993830480587803,20200000.0,20200009.63893414,9.959674934235107,20199999.679259203,9.638934139162302,-0.32074079662561417
297.36520820813956,99634.84644436373,0.8043335547002777,29.75309522852401,20200000.0,20200005.24718545,5.031224177545355,20200000.215961274,5.247185450047255,0.2159612737596035
287.6393225281716,99457.04499177131,0.5633572495953526,28.31939786151342,20200000.0,20200005.35409801,4.953893247512907,20200000.400204763,5.3540980108082294,0.40020476281642914
289.3986998403395,102052.21194161476,0.5354273143408117,27.28851593503999,20200000.0,20200005.64237831,5.265232645659665,20200000.377145667,5.642378311604261,0.377145666629076
295.2101410688346,99788.48477700446,0.217949446064505,73.43782063647257,20200000.0,20200003.022502255,2.428045567970046,20200000.594456688,3.0225022546947002,0.5944566875696182
295.2051438036488,103430.75301838123,0.43887347933830945,27.46823398946543,20200000.0,20200005.688383497,5.334231574695318,20200000.354151923,5.688383497297764,0.3541519232094288
295.21019074522417,98826.68471053953,0.4661369331500999,29.03648082900417,20200000.0,20200005.045362137,4.869638033571289,20200000.175724104,5.045362137258053,0.1757241040468216
308.56092596261885,103360.74764194805,0.4791759466278303,63.15787836925746,20200000.0,20200003.459328867,2.9242537466198804,20200000.53507512,3.45932886749506,0.5350751206278801
295.4335620427726,101578.22096064314,0.6061206584591325,41.481788971537796,20200000.0,20200003.711339124,3.7245997538096165,20199999.98673937,3.711339123547077,-0.013260629028081894
297.6922625607224,101208.94426575553,0.5735217827088149,64.36973898686269,20200000.0,20200002.30265977,2.743597095204365,20199999.559062675,2.3026597686111927,-0.4409373253583908
296.96600705397276,100671.09709582926,0.6255335649554112,14.575631029506967,20200000.0,20200009.673746813,9.755280293672051,20199999.91846652,9.673746813088655,-0.08153348043560982
295.75556500522316,101803.96333722248,0.7354182830794898,44.1299835571369,20200000.0,20200003.232630406,3.6050817288746315,20199999.627548676,3.232630405575037,-0.3724513240158558
291.8889230214386,101279.83835709018,0.7690900171012653,12.352952012829785,20200000.0,20200011.118044186,11.455633324708666,20199999.662410863,11.118044186383486,-0.3375891372561455
296.18587688197306,102648.96225841982,0.702686153358546,14.385724241874817,20200000.0,20200010.041566104,10.113825441350702,20199999.927740663,10.041566103696823,-0.0722593367099762
290.0586991418497,101462.07317839445,0.8688665871684542,73.45062173410876,20200000.0,20200002.186047014,2.582256972079795,20199999.60379004,2.18604701384902,-0.3962099589407444
292.20272557303997,101505.36211375425,0.21276280787345314,19.74717597823166,20200000.0,20200006.78945902,6.943439786267385,20199999.846019235,6.789459019899368,-0.15398076549172401
291.20854580868354,100888.66534534337,0.3370445899784823,47.2694477592652,20200000.0,20200002.269293804,3.2161011343977908,20199999.053192668,2.2692938037216663,-0.9468073323369026
293.4774965575453,101256.66525153472,0.2052940124846995,38.77669218204946,20200000.0,20200003.85647705,3.749830192884263,20200000.106646854,3.8564770482480526,0.10664685443043709
302.40863426669404,101694.36212267047,0.6532322999082221,34.31403283811899,20200000.0,20200004.546109453,4.54550671728453,20200000.000602737,4.546109452843666,0.0006027370691299438
285.680939229633,99272.79792881206,0.8286213842649908,72.98833419810907,20200000.0,20200002.080890927,2.489435243264148,20199999.591455683,2.08089092746377,-0.40854431688785553
295.895040761498,99707.17749347315,0.3704376076034095,11.527637774284266,20200000.0,20200012.088802088,11.759179254144428,20200000.329622835,12.088802088052034,0.3296228349208832
286.6991365152414,102216.91691282726,0.8489241813574147,56.46527803229124,20200000.0,20200003.416468363,2.947683291813868,20200000.46878507,3.4164683632552624,0.4687850698828697
291.26227253684226,101530.03852575352,0.24218717320269262,77.43761039494854,20200000.0,20200001.61470122,2.418481151980913,20199999.196220066,1.6147012189030647,-0.8037799336016178
297.50580238786944,101104.21999637678,0.85410521876386,49.211772842328934,20200000.0,20200002.987483967,3.368846356402517,20199999.61863761,2.9874839670956135,-0.3813623897731304
293.40712007638183,101347.12071967847,0.44613588106774404,75.57757234231643,20200000.0,20200002.104483083,2.489054260765549,20199999.615428824,2.1044830828905106,-0.3845711760222912
288.83902088828273,101742.09804643401,0.2709945799144516,13.658051550021664,20200000.0,20200009.473213244,9.943164796483076,20199999.53004845,9.473213244229555,-0.4699515514075756
290.2887851629601,100677.28838362877,0.5401102314304279,39.31553233519129,20200000.0,20200004.190124396,3.7753869738104364,20200000.414737422,4.190124396234751,0.41473742201924324
295.8683909957387,100391.03432951722,0.3797435974043556,28.21104536734358,20200000.0,20200004.938304096,5.0352171654805655,20199999.90308693,4.938304096460342,-0.09691306948661804
290.22853347313145,101560.01430611721,0.399411031373346,61.157467548651084,20200000.0,20200002.593174405,2.7254318244766824,20199999.86774258,2.5931744053959846,-0.13225742056965828
294.0158343583279,100150.95266686197,0.4151029754484006,78.69079633480726,20200000.0,20200001.42507657,2.4270077520994167,20199998.998068817,1.4250765703618526,-1.001931183040142
293.33228735961524,101814.90330685736,0.7621181284828644,27.957104371097348,20200000.0,20200005.62306516,5.305356146410053,20200000.317709014,5.623065158724785,0.3177090138196945
290.5435986095767,99281.89967491459,0.5774128936726781,55.79222210318521,20200000.0,20200002.24798963,2.8676188258868316,20199999.380370803,2.2479896284639835,-0.6196291968226433
301.7257763573013,102559.98676479077,0.4179153894092026,23.86683429318181,20200000.0,20200006.16325426,6.1332879493392625,20200000.029966313,6.163254261016846,0.029966313391923904
295.685676089272,101892.11697889565,0.6272336483176428,49.57311782001269,20200000.0,20200003.401000336,3.262311868946733,20200000.138688467,3.4010003358125687,0.13868846744298935
285.04942965336954,101632.23568117665,0.7013054719562355,42.47527406818353,20200000.0,20200004.246699437,3.56637014080489,20200000.680329297,4.246699437499046,0.6803292967379093
293.89581725907766,102504.22918073462,0.39083680051347364,78.0403730742076,20200000.0,20200001.826300744,2.48071094258804,20199999.3455898,1.8263007439672947,-0.6544101983308792
290.50285414092644,103323.56933335509,0.48948437106774606,52.59690908875266,20200000.0,20200001.56877029,3.078526365774643,20199998.490243923,1.5687702894210815,-1.509756077080965
296.55973333918485,102542.24407802176,0.2853202653358633,34.46544604607732,20200000.0,20200004.347932253,4.256007481852414,20200000.09192477,4.347932253032923,0.0919247716665268
289.9799170462692,99115.95092240203,0.3268045446742762,17.986704942155335,20200000.0,20200008.369895253,7.469639661097815,20200000.90025559,8.36989525333047,0.9002555906772614
292.69105423413237,99789.50763991715,0.6767824977754879,20.58727801144542,20200000.0,20200007.480042577,6.860569399737413,20200000.619473178,7.480042576789856,0.6194731779396534
295.1699491159218,100575.21770676518,0.32700684338693886,25.772185096586455,20200000.0,20200005.54640811,5.4415784025899265,20200000.104829706,5.546408109366894,0.10482970625162125
296.61302077668046,101356.309260253,0.5676143685669421,27.56766629382086,20200000.0,20200005.06754789,5.3133659851750155,20199999.754181907,5.067547891288996,-0.245818093419075
288.3488143717769,101946.19082456295,0.6963323832057029,69.54312404887965,20200000.0,20200003.007641762,2.6040804642051483,20200000.403561298,3.007641762495041,0.4035612978041172
291.8119950566362,100454.10742421584,0.2748138461663207,49.28559517977674,20200000.0,20200002.60315899,3.089932091992055,20199999.5132269,2.6031589917838573,-0.4867730997502804
291.2502187553562,101549.1201173725,0.5971185537402325,46.63736379620565,20200000.0,20200003.581832778,3.343653889881827,20200000.238178886,3.581832777708769,0.23817888647317886
290.53668306970513,100418.54048117601,0.37959394859095463,18.033821030845225,20200000.0,20200007.839135937,7.586400859697433,20200000.25273508,7.839135937392712,0.25273507833480835
300.2118169611244,100591.17863640966,0.8740488126663057,70.20977853446044,20200000.0,20200003.28200921,2.751904256743796,20200000.530104954,3.2820092104375362,0.5301049537956715
294.7699268438438,99637.00668378214,0.5384819527039473,60.59700122459386,20200000.0,20200004.137370642,2.757540623409077,20200001.379830018,4.137370642274618,1.3798300176858902
288.1064641826598,100217.12010466692,0.7641947848426107,14.73678533300011,20200000.0,20200009.6151157,9.418907713967405,20200000.196207985,9.615115698426962,0.19620798528194427
296.8214477882191,99702.9784732604,0.5851585795093832,59.548456806083806,20200000.0,20200002.56896872,2.823450532684383,20199999.74551819,2.5689687207341194,-0.25448181107640266
301.6386247880505,100153.9520964272,0.23038877299837343,48.04767521398522,20200000.0,20200003.163701717,3.17648887326325,20199999.987212844,3.163701716810465,-0.01278715580701828
297.2798610422046,102589.37015592941,0.6432059629158156,15.720774202274477,20200000.0,20200008.371717624,9.256255577045938,20199999.115462046,8.371717624366283,-0.8845379538834095
287.0725201361839,100185.72133340167,0.86598233954466,42.08104490700595,20200000.0,20200003.25582047,3.603177035479742,20199999.652643435,3.255820471793413,-0.34735656529664993
291.21306370853495,104483.85847780487,0.6211282741024318,43.92874009910329,20200000.0,20200003.401577428,3.6062186454384375,20199999.79535878,3.401577427983284,-0.2046412192285061
298.2176445967465,101916.98148105707,0.7734322015987531,21.6042178114293,20200000.0,20200006.65631568,6.91835987764133,20199999.7379558,6.656315680593252,-0.26204419881105423
290.31932213752486,101546.80334843385,0.8189445243438855,76.19887029001976,20200000.0,20200002.619961806,2.543784369809278,20200000.076177437,2.619961805641651,0.0761774368584156
294.9252777125849,100294.97066378254,0.35965584036425274,69.49827600364634,20200000.0,20200002.123037793,2.534247758510719,20199999.588790033,2.1230377927422523,-0.41120996698737144
296.24853621371733,102165.3718552908,0.3484313879357587,56.83156361303758,20200000.0,20200003.450686455,2.8901711235040337,20200000.560515333,3.450686454772949,0.5605153329670429
289.4422781136876,100634.23460851467,0.6276866921956942,42.360689270042506,20200000.0,20200003.565778393,3.5656748604560184,20200000.000103533,3.5657783932983875,0.00010353326797485352
292.9118985757528,101471.41177757444,0.4877199288646933,38.82358791091559,20200000.0,20200003.848675966,3.853326127981192,20199999.99534984,3.8486759662628174,-0.0046501606702804565
280.1849306397237,104397.10144592256,0.7879029120067043,55.56814270056679,20200000.0,20200002.813121207,2.977068564815322,20199999.83605264,2.8131212070584297,-0.16394735872745514
289.05244943466283,101209.72812033042,0.8300161863786077,48.180230858483384,20200000.0,20200003.365372874,3.2877775300553247,20200000.077595342,3.365372873842716,0.07759534195065498
292.1397273944273,102704.12799154282,0.44739496551190266,14.359117411731994,20200000.0,20200010.166227914,9.753678784123151,20200000.41254913,10.166227914392948,0.41254913061857224
288.1588672721406,100481.18828984894,0.3658093912821374,45.87518541392322,20200000.0,20200002.835024133,3.2685892410388195,20199999.566434894,2.835024133324623,-0.4335651062428951
299.6796452157265,101283.01381140365,0.7463678606707032,66.44825320629877,20200000.0,20200002.456366856,2.785425102331107,20199999.670941755,2.45636685565114,-0.3290582448244095
287.4294344881574,103449.96076276261,0.39236422488369527,42.146791431787065,20200000.0,20200003.446768846,3.5986318611320196,20199999.848136984,3.446768846362829,-0.15186301618814468
291.389822053212,100572.63953065468,0.7758300229595749,13.636960428798789,20200000.0,20200009.647656437,10.320591900450218,20199999.327064537,9.647656437009573,-0.672935463488102
293.67296230914434,103499.93826959631,0.49661677755413397,65.03947395688232,20200000.0,20200002.31738696,2.7270158893587375,20199999.59037107,2.317386958748102,-0.4096289314329624
298.91509315626445,102174.30232254657,0.6672849295040293,24.095464749518207,20200000.0,20200005.95902204,6.197132478706003,20199999.761889562,5.959022041410208,-0.23811043798923492
287.40655139528224,100650.03986892688,0.26687471968426774,28.103458442162715,20200000.0,20200005.378202364,4.94100777448346,20200000.43719459,5.378202363848686,0.4371945895254612
297.8026550086198,102083.88928686663,0.6367015272736011,21.529444740260715,20200000.0,20200006.956241615,6.824960952018844,20200000.131280664,6.956241615116596,0.13128066435456276
293.19093224407834,102492.06533955208,0.5162373751160604,33.115054541004824,20200000.0,20200004.574153904,4.47735894923449,20200000.096794955,4.574153903871775,0.09679495543241501
289.2239653958082,102071.17195466063,0.6106259242228318,62.97260539820445,20200000.0,20200003.156800997,2.7313520171895562,20200000.42544898,3.1568009965121746,0.4254489801824093
294.99841389705307,99440.73033613146,0.3176099454214044,46.35701016527561,20200000.0,20200003.16704455,3.235730441974014,20199999.931314107,3.167044550180435,-0.06868589296936989
293.94623878229385,100452.43538901016,0.7158116214609274,24.34168919054988,20200000.0,20200006.139784086,5.944551660406705,20200000.195232425,6.139784086495638,0.19523242488503456
290.7491324913648,101027.97763733819,0.80395795428026,71.44810547064286,20200000.0,20200002.542493835,2.5941047091835348,20199999.948389124,2.542493835091591,-0.05161087587475777
293.42920833996004,101235.67988507994,0.35171786006354294,71.57072984660704,20200000.0,20200002.64747323,2.5147920536262878,20200000.132681176,2.647473230957985,0.13268117606639862
291.6087456125529,102069.80651706082,0.2670001888641132,70.94048975322048,20200000.0,20200002.225184422,2.5165637499646545,20199999.70862067,2.2251844219863415,-0.29137932881712914
293.604069381005,101538.2412011199,0.2165470102324355,26.71573479670775,20200000.0,20200004.018622864,5.238031442758519,20199998.78059142,4.018622864037752,-1.2194085791707039
295.7985226980842,99722.58676954788,0.6493800503102862,41.58675409266917,20200000.0,20200003.60878677,3.6759263503719004,20199999.93286042,3.6087867692112923,-0.06713958084583282
299.49406726458136,101781.23742120716,0.6249658252621465,78.94927592986126,20200000.0,20200003.28216504,2.57079097223846,20200000.711374067,3.282165039330721,0.7113740667700768
288.1987380046926,102057.70289434059,0.582688188899849,64.04087334169932,20200000.0,20200003.156194445,2.6930867435216643,20200000.4631077,3.156194444745779,0.4631077013909817
301.68213349862503,101996.74853751725,0.3623629672811828,11.901719485789187,20200000.0,20200012.300782364,11.818083621905073,20200000.482698742,12.3007823638618,0.482698742300272
285.34164880190997,102621.93687066555,0.47363419713386024,14.564321388234443,20200000.0,20200010.11623281,9.498167447908793,20200000.61806536,10.116232808679342,0.6180653609335423
292.54285961985767,102325.70658545868,0.6161334346303211,42.475196376863295,20200000.0,20200003.690102603,3.6457738080947997,20200000.044328794,3.6901026032865047,0.04432879388332367
295.5032688259383,101876.01609507413,0.5477368012014185,73.64541441030921,20200000.0,20200002.665244162,2.5665863084149962,20200000.098657854,2.665244162082672,0.09865785390138626
294.27396747094014,101240.80114624962,0.8914498641504212,47.709125856689994,20200000.0,20200003.09789642,3.406722365612235,20199999.691174053,3.097896419465542,-0.30882594734430313
290.6592019207176,99331.84687978082,0.2955078267897132,44.846875562400314,20200000.0,20200003.126380745,3.284417174228855,20199999.84196357,3.1263807453215122,-0.15803642943501472
292.31751099857087,101840.5418629591,0.6866011878333156,17.38315899696414,20200000.0,20200008.526788365,8.218902787769286,20200000.307885576,8.526788365095854,0.3078855760395527
291.1779962613646,101574.22522459574,0.4830231376730045,55.974607330700586,20200000.0,20200003.508293074,2.9063508537392404,20200000.60194222,3.5082930736243725,0.6019422188401222
290.79254097222315,101650.89460463445,0.4997397304479303,67.54722124201578,20200000.0,20200002.540873017,2.6105961543948095,20199999.930276863,2.5408730171620846,-0.06972313672304153
296.54840838808406,99792.90170901563,0.7023184359607233,36.62940052552936,20200000.0,20200003.903016176,4.128110807483914,20199999.77490537,3.9030161760747433,-0.22509463131427765
294.5780619438602,100027.73215151009,0.6847053059270587,64.29282956477292,20200000.0,20200002.715626024,2.7153620463071415,20200000.000263978,2.715626023709774,0.0002639777958393097
290.37836161895734,102588.78342399948,0.8938791955915317,77.51336577305682,20200000.0,20200002.870753273,2.5701498970695584,20200000.300603375,2.8707532733678818,0.30060337483882904
296.748399501733,101277.53381537201,0.28987600261788765,24.263652138938237,20200000.0,20200005.066773884,5.788701290648948,20199999.278072592,5.066773883998394,-0.7219274081289768
294.3791980835064,102142.80083684715,0.27287675456891647,46.63307418363189,20200000.0,20200002.138296623,3.286387099702242,20199998.851909522,2.1382966227829456,-1.1480904780328274
296.40144847535583,101358.98205135655,0.7070371719901187,30.099657065920287,20200000.0,20200004.70288758,4.978156003752164,20199999.724731576,4.702887579798698,-0.27526842430233955
295.66851536769445,101360.70736739489,0.6048708419044864,65.49980933236876,20200000.0,20200002.100636363,2.710992574391614,20199999.38964379,2.10063636302948,-0.6103562116622925
289.8340199563117,102450.9405671712,0.3919124665918641,50.43153561168103,20200000.0,20200002.86350479,3.1175748900956326,20199999.7459299,2.8635047897696495,-0.25407009944319725
290.9092758392121,100705.74632613915,0.25559355829229063,54.420769228521266,20200000.0,20200002.805049762,2.878939921294219,20199999.92610984,2.8050497621297836,-0.07389016076922417
296.139174420493,101440.34493232919,0.2599607747175014,65.85399117311258,20200000.0,20200002.380321745,2.606945951147841,20199999.773375794,2.3803217448294163,-0.22662420570850372
295.5914810617338,100770.26965355394,0.8259336122648828,37.71793308637184,20200000.0,20200004.825212292,4.098978527063639,20200000.726233765,4.82521229237318,0.7262337654829025
293.06639362414336,100803.60452708122,0.33430712730312007,74.05630478849302,20200000.0,20200002.62868118,2.4653087964640883,20200000.163372383,2.628681179136038,0.16337238252162933
293.6193095332351,100953.99345183764,0.42636009348086457,47.3120207072298,20200000.0,20200003.40918226,3.2589450803085778,20200000.15023718,3.4091822616755962,0.15023718029260635
298.26065958315365,101591.56052596045,0.3586594815588916,21.05683759847436,20200000.0,20200007.026409227,6.715305657924178,20200000.31110357,7.026409227401018,0.31110357120633125
290.78371444465665,100750.50165400383,0.4484974140823561,58.71293827181617,20200000.0,20200002.216885753,2.7863023137827887,20199999.43058344,2.2168857529759407,-0.5694165602326393
295.3383895246801,102831.90735068823,0.24859668992226536,65.52829453067781,20200000.0,20200003.16119044,2.641634546392323,20200000.519555893,3.161190439015627,0.5195558927953243
292.3412293902644,100251.47123733659,0.5633418536357893,32.173317394726865,20200000.0,20200004.46836414,4.506246281434622,20199999.96211786,4.468364138156176,-0.03788214176893234
292.2792751870911,101100.75402700636,0.24732879451455045,70.0025479899127,20200000.0,20200002.84075087,2.5055105604759365,20200000.33524031,2.8407508693635464,0.33524030819535255
297.54510740794876,100797.32273007098,0.760249555475653,73.43002783360365,20200000.0,20200002.09215626,2.628084878295891,20199999.46407138,2.092156261205673,-0.5359286181628704
296.4516653959521,103061.37346122447,0.3635984573373031,29.383314116446623,20200000.0,20200004.196528766,4.973408148135117,20199999.22312062,4.1965287663042545,-0.7768793813884258
296.4040385440025,101560.86573181389,0.5780083402231574,78.84650309006554,20200000.0,20200002.9285621,2.519617269833795,20200000.40894483,2.9285621009767056,0.40894483029842377
298.3719152286173,102563.21344736236,0.8160553612930208,19.849806963413087,20200000.0,20200007.774842225,7.586637463225921,20200000.18820476,7.774842225015163,0.18820476159453392
293.234015366531,99542.32755235564,0.6556141583330359,24.1410967881743,20200000.0,20200005.438229993,5.889255768701948,20199999.548974223,5.438229992985725,-0.4510257765650749
295.8778118851798,101645.46031904311,0.5730704505859348,22.895738746661827,20200000.0,20200005.8844588,6.319290341045839,20199999.56516846,5.884458798915148,-0.43483154103159904
291.9089329736262,102392.55695474813,0.4270336271807629,72.57927970055093,20200000.0,20200003.10041864,2.5377012463747333,20200000.562717393,3.1004186384379864,0.562717393040657
294.44666540995377,101423.7407871305,0.43310133914073856,55.80047866274733,20200000.0,20200002.323784497,2.9184904437130728,20199999.405294053,2.3237844966351986,-0.5947059467434883
292.62942778252926,102603.57645007843,0.6686408686387331,20.647299825559102,20200000.0,20200007.837117407,7.015780931174145,20200000.821336478,7.8371174074709415,0.8213364779949188
293.53798385997084,100704.25385987955,0.8958975528548172,40.82263928578443,20200000.0,20200003.37194525,3.822255618287762,20199999.549689632,3.3719452507793903,-0.450310368090868
295.53062810174765,103016.2169282227,0.663287432894565,53.07086175488614,20200000.0,20200003.468401875,3.149205911653522,20200000.319195963,3.468401875346899,0.3191959634423256
289.87711726706607,104083.6777483431,0.5904483921590173,15.84248594925683,20200000.0,20200008.87075736,9.035066595404972,20199999.835690763,8.87075736001134,-0.16430923715233803
301.5195491027418,100889.59372747241,0.7114553571674722,71.76914578851371,20200000.0,20200002.995502833,2.693909115001084,20200000.301593717,2.995502833276987,0.30159371718764305
289.12593047400117,100790.39697431907,0.5256439285986028,66.25224748090747,20200000.0,20200002.337043025,2.6091000237650874,20199999.727943,2.337043024599552,-0.2720570005476475
288.29324554884903,103069.06137254124,0.24209963982054966,45.36447415036468,20200000.0,20200003.269218687,3.3506151412241154,20199999.918603547,3.269218686968088,-0.08139645308256149
297.78244349400023,103220.48657487685,0.5936077711145369,77.69886306814193,20200000.0,20200002.60730505,2.58684546234117,20200000.02045959,2.6073050498962402,0.02045958861708641
296.3166507758517,100697.56796741608,0.8703376991537661,39.24326854925698,20200000.0,20200003.4947231,3.995816827181578,20199999.498906273,3.4947231002151966,-0.5010937266051769
295.6464792682086,100820.77581948497,0.32271205965036176,78.88772233255484,20200000.0,20200002.796398073,2.42598590304853,20200000.37041217,2.7963980734348297,0.3704121708869934
295.6633820370571,100986.85846936739,0.683003423574466,56.754399916253895,20200000.0,20200002.70665795,2.963264735266535,20199999.743393216,2.706657949835062,-0.2566067837178707
293.10101290861235,99711.65938675887,0.34065358206133955,54.426989127775904,20200000.0,20200002.769337,2.883636955990847,20199999.885700043,2.769336998462677,-0.1142999567091465
289.56098251405666,100222.61766421897,0.5750793791311568,21.616842670704948,20200000.0,20200005.958717037,6.455891726137623,20199999.502825312,5.9587170369923115,-0.4971746876835823
293.4532182327749,100120.03107989751,0.26767351475270373,71.73494308132507,20200000.0,20200001.18391923,2.4650860573774738,20199998.71883317,1.1839192286133766,-1.2811668291687965
290.4413531539515,100403.64292187504,0.5152596553807296,39.92427815444306,20200000.0,20200003.61613139,3.7116452725141182,20199999.90448612,3.616131391376257,-0.09551388025283813
297.050478933671,101283.37813513586,0.7293143302266722,21.356338404773552,20200000.0,20200008.08500841,6.878700698106164,20200001.20630771,8.085008408874273,1.2063077092170715
292.56177047399143,101606.05767904382,0.4433000669672874,10.882526398303133,20200000.0,20200013.052653287,12.660351142230796,20200000.392302144,13.052653286606073,0.39230214431881905
289.84801121282993,103185.60059137689,0.6654382071410526,49.18289785468678,20200000.0,20200003.256101053,3.265731240685037,20199999.99036981,3.2561010532081127,-0.009630188345909119
291.864456633388,100126.97515111345,0.7568149725528104,46.91797354858734,20200000.0,20200003.20544833,3.3368937465749795,20199999.868554585,3.2054483294487,-0.13144541531801224
294.80172581710247,102506.1868781719,0.8490244736356167,60.3547535658411,20200000.0,20200002.94116159,2.9299286455920197,20200000.011232946,2.9411615915596485,0.011232946068048477
290.8951017887841,101068.21338692939,0.36424945729881747,72.31806371124614,20200000.0,20200002.764408164,2.490848606334326,20200000.27355956,2.76440816372633,0.2735595591366291
289.86111841773425,101265.64354841708,0.47952114106651567,15.558460925012067,20200000.0,20200008.288396824,8.878803230273432,20199999.409593593,8.288396824151278,-0.5904064066708088
294.12474884596764,102134.78339059993,0.30669120933129224,61.20475432382536,20200000.0,20200003.293306682,2.7361458360129274,20200000.557160847,3.2933066822588444,0.557160846889019
294.12986628443485,99977.73357412525,0.8947384515108627,23.118836086830754,20200000.0,20200006.68447969,6.326789033399483,20200000.35769066,6.6844796910882,0.3576906584203243
291.12222729851544,101783.89169542085,0.8489006775470067,70.07239372100148,20200000.0,20200003.006790612,2.6476977499196224,20200000.35909286,3.0067906118929386,0.3590928614139557
291.2658467775267,101524.74264985567,0.5779699911963917,67.33444597031593,20200000.0,20200002.851274878,2.632037009687027,20200000.219237868,2.8512748777866364,0.21923786774277687
294.0781997494305,101915.94151680978,0.7894233060634948,47.85556284898811,20200000.0,20200003.392658338,3.382850009619594,20200000.009808328,3.3926583379507065,0.009808328002691269
287.3576626340107,101672.00237268939,0.5646705840904296,59.716995903631805,20200000.0,20200003.120616153,2.7841855377757017,20200000.336430617,3.120616152882576,0.3364306166768074
287.52014490249377,104271.36016789307,0.6365099816019317,32.00450792286239,20200000.0,20200004.959654745,4.663747678194989,20200000.295907065,4.9596547447144985,0.29590706527233124
290.2762231149902,100559.71201889843,0.26238710248121166,42.98175292529702,20200000.0,20200003.24953337,3.4265537265229873,20199999.822979644,3.2495333701372147,-0.1770203560590744
292.2962113931526,100687.80365399782,0.7286892943477654,67.51458283973301,20200000.0,20200002.364973944,2.651774829777772,20199999.713199113,2.364973943680525,-0.28680088743567467
294.393630262392,100577.23136829029,0.2893994385446644,42.148563802124976,20200000.0,20200003.56330901,3.512380861296381,20200000.05092815,3.563309010118246,0.05092814937233925
299.0514248677982,100658.4274570077,0.7782473411767699,35.04587857278092,20200000.0,20200005.19172106,4.417210985971387,20200000.774510074,5.191721059381962,0.7745100744068623
296.5806384928081,100560.13544723218,0.7474196613692701,44.59487130752099,20200000.0,20200002.933885682,3.553439217008594,20199999.380446464,2.933885682374239,-0.6195535361766815
292.5102458801463,102751.81983732907,0.6961212884200835,67.97744767060529,20200000.0,20200001.95436003,2.688122661985045,20199999.266237367,1.9543600305914879,-0.7337626330554485
293.0739351683892,103029.60509758783,0.22531226636733348,33.46456331596109,20200000.0,20200004.418606743,4.3362263234404805,20200000.08238042,4.418606743216515,0.08238042145967484
289.13988254144874,100640.10444750063,0.41218984916173,22.163311519502066,20200000.0,20200006.270700682,6.245256830514673,20200000.025443852,6.270700681954622,0.025443851947784424
293.0759474560304,100326.17331227493,0.38417879893759,59.84098142315465,20200000.0,20200002.82754233,2.7408714995187764,20200000.08667083,2.827542331069708,0.08667083084583282
291.9953654443194,101890.69866766369,0.4520954852300634,67.81847488956572,20200000.0,20200002.730356257,2.6083796571339812,20200000.1219766,2.7303562574088573,0.12197659909725189
294.44087424135233,100662.33234686284,0.261349922734687,17.044623496647333,20200000.0,20200007.883110877,7.994712004683661,20199999.88839887,7.883110877126455,-0.11160112917423248
289.8410762257907,102084.51818130662,0.8558704761217439,26.79118789291613,20200000.0,20200006.24157689,5.4966451703293195,20200000.74493172,6.241576891392469,0.7449317201972008
295.2273860569647,101568.50762502156,0.5876615684986634,19.938039283269575,20200000.0,20200006.3938447,7.1942966899329095,20199999.19954801,6.393844701349735,-0.8004519902169704
299.2809556520103,99506.10706200333,0.4138670174606165,34.35589881075167,20200000.0,20200003.829105143,4.243353651981427,20199999.58575149,3.829105142503977,-0.4142485111951828
292.71495940617257,103182.00624159607,0.47788706195199837,41.52456852337889,20200000.0,20200003.646470785,3.69809816305902,20199999.94837262,3.646470785140991,-0.05162737891077995
294.7568468883957,103480.05320771462,0.5130417783533849,62.417843587431456,20200000.0,20200001.980243593,2.801838001177034,20199999.178405594,1.980243593454361,-0.8215944059193134
295.9105759668444,100589.65357141873,0.6204160333524321,55.580330941717186,20200000.0,20200002.887895714,2.975822917977311,20199999.912072796,2.8878957144916058,-0.0879272036254406
291.54511811245663,100859.75812807682,0.5609755993875485,53.46499972349018,20200000.0,20200003.831018917,3.0002838317777067,20200000.830735084,3.831018917262554,0.8307350836694241
294.04636992724164,101668.03846886988,0.8435743812500922,34.66624626267581,20200000.0,20200004.42852704,4.418083794812993,20200000.010443244,4.428527038544416,0.010443244129419327
293.20036960312717,101726.34814798443,0.5478744380340812,68.9013287159332,20200000.0,20200002.73165793,2.616307477174817,20200000.11535045,2.7316579297184944,0.11535045132040977
293.5407043941953,102115.2531272074,0.8945106103763187,42.99010171787152,20200000.0,20200003.081502948,3.711585332939052,20199999.369917616,3.0815029479563236,-0.6300823837518692
290.0579608645781,103737.24544651962,0.7959974704215671,78.53734566106081,20200000.0,20200002.25648564,2.564666347358491,20199999.691819295,2.256485641002655,-0.30818070471286774
293.2480406970358,101112.66332700715,0.34595736005013505,54.38994968070158,20200000.0,20200002.73889238,2.926490572520182,20199999.81240181,2.7388923801481724,-0.18759819120168686
295.1419931649818,100367.04330655385,0.8514166502507414,18.83853190951519,20200000.0,20200007.559803538,7.71866108381715,20199999.841142453,7.5598035380244255,-0.1588575467467308
298.95457443118016,99669.81692638257,0.28145647851983324,57.33242934528038,20200000.0,20200003.440649457,2.799827562239888,20200000.640821896,3.4406494572758675,0.6408218964934349
296.9870833043408,100447.8839520697,0.7722147959438341,32.75728108021893,20200000.0,20200004.90279149,4.623945959214265,20200000.27884553,4.902791488915682,0.27884553000330925
301.7627298300462,101285.24763255144,0.46643630543360604,58.04290376802682,20200000.0,20200002.365112297,2.9208412749310186,20199999.44427102,2.3651122972369194,-0.555728979408741
290.0806097484478,103478.46943622135,0.8145820243115487,14.874880371368402,20200000.0,20200009.84586381,9.722611422812152,20200000.123252388,9.845863811671734,0.12325238808989525
296.63928254688267,100703.8664411566,0.8076396830752153,22.24170060231716,20200000.0,20200006.878879026,6.6297681504116515,20200000.249110874,6.878879025578499,0.2491108737885952
293.8833680229534,101593.54554196668,0.7641477800823349,69.90160812340504,20200000.0,20200003.226894163,2.656819640590599,20200000.57007452,3.226894162595272,0.5700745210051537
301.9092117328707,101305.2925247127,0.7530213054149428,25.902568991646042,20200000.0,20200006.700237237,5.909966894472852,20200000.790270343,6.700237236917019,0.7902703434228897
289.9168068585794,102751.0719281377,0.41327539736862856,68.5928787670058,20200000.0,20200002.087805178,2.595352271696048,20199999.492452905,2.087805178016424,-0.5075470954179764
289.79111263127686,104357.31891104835,0.2566434981358765,29.54932619180873,20200000.0,20200004.495410465,4.90083922248651,20199999.594571244,4.495410464704037,-0.4054287560284138
290.75242941822387,100687.95747249562,0.482086125135613,55.00173370410953,20200000.0,20200002.283715468,2.9125043976644696,20199999.37121107,2.2837154679000378,-0.6287889294326305
284.65441710276076,100737.67266897814,0.32146716049055607,58.59054014568817,20200000.0,20200002.619289886,2.7362998163636103,20199999.88299007,2.6192898862063885,-0.11700993031263351
291.0469799132769,102577.99305248288,0.6864657622317232,45.88583272015371,20200000.0,20200003.674690973,3.4415117867474936,20200000.233179186,3.6746909730136395,0.23317918553948402
290.1134693537852,102143.26978755157,0.4422698085764499,31.37174736877119,20200000.0,20200005.111016974,4.617349713059077,20200000.49366726,5.111016973853111,0.49366725981235504
293.7515751459048,103541.04879088324,0.8829271406019403,24.88510634597673,20200000.0,20200006.041506704,6.079482218080732,20199999.962024488,6.041506703943014,-0.03797551244497299
294.5170239031086,102025.71382239116,0.6486804541417324,12.323254819369836,20200000.0,20200011.389112722,11.549036482365105,20199999.840076238,11.38911272212863,-0.1599237620830536
300.65468335686353,100893.84949105553,0.7757363945440527,31.276248086850668,20200000.0,20200005.013269767,4.937390771404467,20200000.075878996,5.013269767165184,0.07587899640202522
296.9516953527442,102033.78579683077,0.2927672709192939,55.72139533718981,20200000.0,20200002.491920814,2.909492266326835,20199999.58242855,2.4919208139181137,-0.41757145151495934
290.84238537735035,102655.44429669948,0.8034101375908358,75.68133729139379,20200000.0,20200003.622311838,2.577542477930624,20200001.04476936,3.6223118379712105,1.044769361615181
289.5563413146065,102309.57861743684,0.845930033359376,70.98431375841363,20200000.0,20200001.824769273,2.6285997864382002,20199999.196169488,1.8247692734003067,-0.803830511868
295.117676686026,101933.72883732876,0.5409433431732551,63.624534357471184,20200000.0,20200002.836263508,2.743893217172967,20200000.09237029,2.836263507604599,0.09237029030919075
287.86906717191744,102605.00962750698,0.6243770564256842,65.19131402773091,20200000.0,20200003.698700685,2.68689757495899,20200001.01180311,3.698700685054064,1.0118031091988087
300.4758350634174,102728.15470853481,0.7353668606320969,56.54894324331967,20200000.0,20200003.110791057,3.1073911332554234,20200000.003399923,3.1107910573482513,0.0033999234437942505
297.8677604828851,102983.59078924503,0.3223870390822888,28.22008002962021,20200000.0,20200005.052625716,5.147645236326999,20199999.90498048,5.0526257157325745,-0.09501951932907104
291.27329739158114,102103.45186510758,0.5517962535244096,73.50365214940808,20200000.0,20200002.36301242,2.541735132883652,20199999.821277287,2.363012418150902,-0.17872271314263344
286.29746188363646,101124.45830361977,0.47906411944061916,56.95126183340838,20200000.0,20200002.74050392,2.8306997586998475,20199999.909804158,2.740503918379545,-0.09019584208726883
298.56548949666166,101501.05642371999,0.30246179451357436,49.230844168630796,20200000.0,20200003.858422767,3.171998530452453,20200000.686424237,3.8584227673709393,0.6864242367446423
292.6918406189895,102772.81075981003,0.457274095604072,17.769262844943675,20200000.0,20200006.853662815,7.959593769237935,20199998.894069046,6.8536628149449825,-1.1059309542179108
298.1012652478938,100344.67719481532,0.2477206165698455,41.29388806644978,20200000.0,20200004.336417817,3.56970096686719,20200000.76671685,4.336417816579342,0.7667168490588665
286.7722893648225,101767.40797064749,0.2180683348646409,42.22507898413484,20200000.0,20200002.779974133,3.491952708282343,20199999.288021423,2.7799741327762604,-0.7119785770773888
290.75249990818486,100852.99342520717,0.29461640240837594,70.5194526665869,20200000.0,20200002.363201033,2.4965271969609586,20199999.866673835,2.363201033324003,-0.13332616537809372
293.1709747988727,101359.49378752179,0.8741805781124217,48.26537541314519,20200000.0,20200003.142587394,3.357209602937855,20199999.78537779,3.1425873935222626,-0.21462221071124077
293.33792237505895,102859.14223512876,0.5846706751265118,36.62803842792867,20200000.0,20200004.437850107,4.143573469080427,20200000.294276636,4.43785010650754,0.2942766360938549
291.349738114083,101554.31888162388,0.8760755128072539,78.37602299574615,20200000.0,20200001.745729405,2.5447915845501776,20199999.200937822,1.7457294054329395,-0.7990621775388718
295.64139972938995,101380.72385778738,0.5027485148310924,17.750441532842096,20200000.0,20200008.197284948,7.966198615411947,20200000.231086332,8.197284948080778,0.23108633235096931
288.8795182824696,99693.17263082409,0.4182712931596817,39.578389981836125,20200000.0,20200004.684106242,3.671951433632821,20200001.01215481,4.68410624191165,1.0121548101305962
292.5804820599148,102220.50427923267,0.5542993039881708,12.94172726199837,20200000.0,20200010.178619366,10.860206367769054,20199999.318412997,10.178619366139174,-0.6815870031714439
293.63118252684757,102099.58101736929,0.507658182043037,61.79328845368512,20200000.0,20200002.86646134,2.7716082563185576,20200000.094853085,2.8664613403379917,0.09485308453440666
295.207755336235,103920.90566796655,0.27396527898322076,74.26535865394054,20200000.0,20200002.199765872,2.5307569629515836,20199999.66900891,2.199765872210264,-0.33099108934402466
295.99645951235556,100955.6661180564,0.6485784202831444,29.60261306853426,20200000.0,20200005.207002368,4.994058766227352,20200000.212943602,5.207002367824316,0.21294360235333443
288.6514316326485,101587.98039319673,0.3512267277567197,70.08391737593846,20200000.0,20200002.533819932,2.5242460445410027,20200000.009573888,2.5338199324905872,0.009573888033628464
287.0135433170575,101624.2604204529,0.6337115684284806,30.455276132332845,20200000.0,20200004.429160368,4.749903822052213,20199999.679256547,4.429160367697477,-0.32074345275759697
298.260707287594,103217.94393571618,0.6551407646787073,73.75391131507406,20200000.0,20200002.900952954,2.657016810726166,20200000.243936144,2.9009529538452625,0.24393614381551743
294.47925604791834,101210.64536113566,0.3064173971900537,62.77733325177488,20200000.0,20200003.576854162,2.6746801066223593,20200000.902174056,3.5768541619181633,0.9021740555763245
290.15605385377376,101659.82583092441,0.2429447389774677,66.34347437890071,20200000.0,20200002.480635542,2.5760874365670845,20199999.904548105,2.480635542422533,-0.09545189514756203
299.3546079020901,102054.47581165985,0.7465331102479078,11.260458892031815,20200000.0,20200013.399123598,13.039244625400826,20200000.359878972,13.399123597890139,0.3598789721727371
293.6126985371714,101548.93094778762,0.5218602966385242,77.39672499518181,20200000.0,20200001.84797492,2.494611397954183,20199999.35336352,1.847974918782711,-0.6466364786028862
297.8671887362553,100789.27966253937,0.24071465685383306,60.86696944492263,20200000.0,20200002.22944131,2.707659497699105,20199999.521781813,2.229441311210394,-0.4782181866466999
293.4200739256404,101557.90799147797,0.896406422018837,31.332576677029333,20200000.0,20200005.071986582,4.835783444146376,20200000.236203138,5.071986582130194,0.2362031377851963
301.3929916995279,102613.35809983173,0.24044639269745666,68.05762654011929,20200000.0,20200003.354182888,2.6121248755208963,20200000.742058013,3.3541828878223896,0.7420580126345158
300.1713633697728,100093.18164070672,0.6865246602009871,29.706483889045096,20200000.0,20200005.236641414,5.058834739040977,20200000.177806675,5.23664141446352,0.17780667543411255
292.1541434060837,101484.56360897626,0.8885752476843896,71.09276876962895,20200000.0,20200002.488129918,2.644658935439454,20199999.843470983,2.4881299175322056,-0.1565290167927742
297.0362838038174,100484.855022073,0.36742607295114793,17.88062732883559,20200000.0,20200007.75366115,7.754015444927563,20199999.999645703,7.753661148250103,-0.0003542974591255188
295.73150379834055,102759.05595470981,0.29957455808103733,59.2580184222557,20200000.0,20200002.18717306,2.812376927233324,20199999.374796133,2.1871730610728264,-0.6252038665115833
298.6245262301294,99497.17571425947,0.28496945759570025,47.848893365143724,20200000.0,20200003.473900534,3.1716428703675974,20200000.302257665,3.4739005342125893,0.302257664501667
289.29030615767954,100654.2937832741,0.4122926032973169,16.757412913680856,20200000.0,20200008.603920028,8.162753497086102,20200000.44116653,8.60392002761364,0.4411665312945843
295.89420583999373,101777.65425007742,0.2707320677074527,26.93256797811873,20200000.0,20200005.033191297,5.2592364623336865,20199999.773954835,5.033191297203302,-0.2260451652109623
297.38369794739833,103203.62883508121,0.6845129391858923,10.868282539412036,20200000.0,20200013.171230685,13.406251758655875,20199999.764978927,13.171230684965849,-0.23502107337117195
286.11504205430754,101246.09968671242,0.2436042586910439,42.81375758251541,20200000.0,20200003.57233852,3.43939940493777,20200000.132939115,3.5723385214805603,0.13293911516666412
288.4169659493369,100658.76056796816,0.5565954897048528,31.088568253200027,20200000.0,20200004.393691737,4.612051605419399,20199999.78164013,4.39369173720479,-0.21835986897349358
284.9930712889596,103582.38848332872,0.8976877976970836,51.885023900843116,20200000.0,20200003.120461453,3.1535277602484,20199999.966933694,3.1204614527523518,-0.03306630626320839
292.07237266222177,99587.38331950051,0.7697791886542131,30.806646539603204,20200000.0,20200005.787946496,4.73808559964997,20200001.049860895,5.787946496158838,1.0498608946800232
296.0201690231838,98686.4328520559,0.6306536067617077,30.99433780548893,20200000.0,20200004.55894684,4.682459687966669,20199999.87648715,4.558946840465069,-0.12351284921169281
299.1594282083841,101853.017340064,0.4143775345506282,62.02352391121224,20200000.0,20200002.596364494,2.7755345692087943,20199999.820829924,2.5963644944131374,-0.17917007580399513
293.44637912167906,100722.53493077686,0.6367270854041469,13.369998518484742,20200000.0,20200010.161231425,10.485002328115797,20199999.676229097,10.16123142465949,-0.3237709030508995
299.66446218228515,100099.52061944314,0.5689290247381562,73.2026496634391,20200000.0,20200002.94973691,2.5776409231317308,20200000.372095987,2.949736911803484,0.372095987200737
287.6295941671404,102175.02773675922,0.49825836872326,69.6584712073827,20200000.0,20200002.476664145,2.5672762303883765,20199999.909387913,2.4766641445457935,-0.09061208739876747
286.33647024257937,101617.56085652544,0.29149726371813967,56.746327825848454,20200000.0,20200002.49200723,2.8166937501189246,20199999.67531348,2.492007229477167,-0.32468651980161667
292.9278092044135,100648.10564311592,0.8206229506683267,51.5255099075169,20200000.0,20200003.82143178,3.1607797640274446,20200000.660652015,3.821431778371334,0.6606520153582096
294.6862617957572,99788.63472159492,0.5148492541749258,72.46117486977565,20200000.0,20200003.227044415,2.5172429127776192,20200000.709801503,3.22704441472888,0.7098015025258064
293.0192210076236,102371.94879393617,0.33623575827453556,22.973112567010013,20200000.0,20200005.843079258,6.1432910402838035,20199999.699788217,5.843079257756472,-0.3002117834985256
284.8802315998405,102105.2414135504,0.4574315456141027,15.527841353358003,20200000.0,20200007.933346376,8.866616350178226,20199999.066730026,7.933346375823021,-0.9332699738442898
292.7935198419488,101205.98896346474,0.4898908267702489,26.765711893667667,20200000.0,20200005.84709782,5.343340976255571,20200000.503756844,5.84709782153368,0.5037568435072899
287.9321219979806,103540.9643952572,0.779276526896812,65.62047950901332,20200000.0,20200002.38787835,2.7301932653818426,20199999.657685086,2.3878783509135246,-0.3423149138689041
295.8286901953201,100040.89828040861,0.7135300663929813,12.426918670853834,20200000.0,20200011.780799743,11.385486942212808,20200000.3953128,11.780799742788076,0.3953128010034561
294.61639298438735,99494.36979489031,0.7385134255489378,50.79647845584427,20200000.0,20200002.17261969,3.1576715969549514,20199999.014948092,2.172619689255953,-0.9850519075989723
289.39048085469057,100494.7103161425,0.20772188510005307,79.6806261333917,20200000.0,20200002.810094614,2.3637959452985724,20200000.44629867,2.810094613581896,0.44629867002367973
291.0945323306532,101270.2967803734,0.491307798725833,69.89872656862775,20200000.0,20200001.95470512,2.5602910846414857,20199999.394414034,1.9547051191329956,-0.6055859662592411
288.9131459124442,101617.00733918723,0.5369409061447266,46.50119823305126,20200000.0,20200003.681745794,3.316363732302945,20200000.36538206,3.681745793670416,0.3653820604085922
292.8992836109073,101035.5167305724,0.21343459377613969,14.454863650064965,20200000.0,20200009.353381265,9.34624472944085,20200000.007136535,9.353381264954805,0.00713653489947319
296.97056928200493,101747.46647581716,0.38186924612152395,68.1961460069997,20200000.0,20200002.13427215,2.611241861244729,20199999.52303029,2.134272150695324,-0.47696971148252487
289.2070958146578,99823.15269097147,0.7322028761854944,51.928495572404735,20200000.0,20200002.848625526,3.052143682708764,20199999.796481844,2.848625525832176,-0.20351815596222878
295.16618606207135,103057.51752488791,0.29597679401029936,18.04530979416968,20200000.0,20200008.123401903,7.7802426746506335,20200000.34315923,8.123401902616024,0.3431592285633087
291.0289695265102,101226.41858592891,0.5747170920168141,16.570009937634936,20200000.0,20200008.494071607,8.441124380877438,20200000.052947227,8.49407160654664,0.05294722691178322
289.9785086709506,102665.75499790575,0.35064131041206625,73.67387736056148,20200000.0,20200002.79630931,2.50410282245312,20200000.29220649,2.7963093109428883,0.2922064885497093
292.7218785601817,101736.27041565324,0.2084845422507253,56.844018405665494,20200000.0,20200003.807706628,2.819486335600162,20200000.988220293,3.8077066279947758,0.9882202930748463
289.00903071032246,101873.10386298454,0.368841020319679,68.05007595217289,20200000.0,20200001.788322996,2.570443800063051,20199999.217879195,1.7883229963481426,-0.782120805233717
290.93540277861126,102008.72073627864,0.8831116284370377,71.52852301975872,20200000.0,20200003.443757173,2.635150884863875,20200000.80860629,3.4437571726739407,0.8086062893271446
288.3584884296446,101862.25027202078,0.7610759783180927,50.02406464338256,20200000.0,20200003.245668013,3.1934900435293914,20200000.05217797,3.245668012648821,0.05217796936631203
301.0089005316655,102096.26731184105,0.8717036510247234,46.221244622852886,20200000.0,20200003.19811376,3.6475057853037813,20199999.550607976,3.198113761842251,-0.44939202442765236
293.2910542078869,102919.98303615891,0.5414978307484537,40.12991872246931,20200000.0,20200003.157557826,3.8227146374633727,20199999.33484319,3.15755782648921,-0.6651568114757538
290.35109796802965,101560.82540364176,0.2768153390742525,32.18626114537835,20200000.0,20200004.335495852,4.430056046464047,20199999.905439805,4.335495851933956,-0.09456019476056099
294.0059196429369,102175.80450910621,0.5835716422815851,40.42171726010982,20200000.0,20200004.25853118,3.797706121914887,20200000.460825056,4.258531179279089,0.4608250558376312
292.70068780123665,101217.31716685533,0.5180641341919726,64.17157590111094,20200000.0,20200002.623244982,2.687019542960429,20199999.93622544,2.623244982212782,-0.06377455964684486
292.2661216018671,103053.14065853937,0.7910499579177313,52.13464017105921,20200000.0,20200003.942243915,3.1866664530321547,20200000.755577464,3.942243915051222,0.7555774636566639
295.6066668001737,100513.32923752887,0.2686578065489712,72.47663029683923,20200000.0,20200001.747664586,2.473252430863423,20199999.274412155,1.7476645857095718,-0.7255878448486328
296.1800308401892,103486.12851949298,0.5417687959152447,41.03660100654314,20200000.0,20200003.801367752,3.807412225588835,20199999.993955527,3.8013677522540092,-0.006044473499059677
291.0279954095579,101276.81045922679,0.30503406528578897,52.49627051031278,20200000.0,20200002.35451223,2.980708951571717,20199999.373803277,2.3545122295618057,-0.6261967234313488
290.84672703742126,99608.06987745834,0.427273148823042,54.19152871643921,20200000.0,20200003.080462944,2.8986470035741947,20200000.18181594,3.080462943762541,0.18181594088673592
292.0497932113934,101478.72529789295,0.7161499541714598,51.41880136144279,20200000.0,20200003.592277817,3.1488341256243007,20200000.443443693,3.592277817428112,0.4434436932206154
283.9423153410576,100507.73801103015,0.5332126905581366,59.18436411598614,20200000.0,20200002.532985028,2.743365923976876,20199999.789619103,2.5329850278794765,-0.2103808969259262
287.08923575120576,102333.77225878647,0.46312179960203853,26.62034278623644,20200000.0,20200004.044517387,5.3466243129554405,20199998.697893072,4.044517386704683,-1.3021069280803204
298.6174970697781,100541.85122483713,0.4761333949990247,45.86546442820534,20200000.0,20200003.49209271,3.3926186393060074,20200000.099474072,3.4920927099883556,0.09947407245635986
299.7298708540051,100789.57988014226,0.5216127378841906,17.295736196584336,20200000.0,20200008.478435107,8.260065832342413,20200000.218369275,8.478435106575489,0.2183692753314972
292.1538558417745,99057.55112286536,0.7495115806859398,36.91579293513688,20200000.0,20200004.21854667,4.016399295309896,20200000.202147376,4.21854666993022,0.20214737579226494
295.45622785222304,100782.23241690111,0.824459282258164,44.13669480348851,20200000.0,20200004.217961274,3.6000701779084414,20200000.617891096,4.217961274087429,0.6178910955786705
294.3950006181741,98416.34480804525,0.8687342805527498,55.65569816818307,20200000.0,20200002.43514749,2.9706743287608877,20199999.46447316,2.435147490352392,-0.5355268381536007
305.46552323382093,99424.31661181714,0.7508323703787065,76.53717368103425,20200000.0,20200003.02004111,2.6799330613802925,20200000.340108052,3.020041111856699,0.3401080518960953
297.6282996457383,102237.49758737316,0.42078482702360887,52.04557465838491,20200000.0,20200003.703035604,3.1067818461920984,20200000.596253756,3.703035604208708,0.5962537564337254
292.6383296340769,102267.960190381,0.6816942942605795,62.051574132359185,20200000.0,20200001.916303266,2.8055970578098237,20199999.110706206,1.9163032658398151,-0.8892937935888767
289.32783823759826,101835.54907414196,0.5063221868387744,45.43862416466419,20200000.0,20200003.538493022,3.378667108408663,20200000.159825914,3.5384930223226547,0.1598259136080742
286.7242147189697,100164.62862824494,0.3782694354322358,54.38728219634319,20200000.0,20200002.622316424,2.8744063395353194,20199999.747910086,2.622316423803568,-0.2520899139344692
293.96385454346887,101267.74637262963,0.7886101055981458,14.96525512936414,20200000.0,20200009.562100615,9.60286195202118,20199999.959238663,9.562100615352392,-0.04076133668422699
290.12459701886274,101320.67695309132,0.22689844427362751,27.80741065892929,20200000.0,20200005.19583437,5.021996124310859,20200000.173838243,5.195834368467331,0.17383824288845062
287.4609851616093,99934.96237296895,0.8312333944947965,35.32971652435971,20200000.0,20200003.916070167,4.159684449040105,20199999.756385718,3.91607016697526,-0.24361428245902061
290.56370846302985,103129.07796212059,0.5230342252373139,43.07453485045595,20200000.0,20200003.24479889,3.582652931328876,20199999.66214596,3.244798891246319,-0.3378540389239788
288.8238079855424,102377.8347486908,0.6460410337657962,13.195412185166862,20200000.0,20200010.652477115,10.635400905485364,20200000.01707621,10.652477115392685,0.01707620918750763
299.89856654029023,101059.84299140441,0.6615477455440479,19.801686828732237,20200000.0,20200006.872869678,7.416492649537476,20199999.45637703,6.872869677841663,-0.5436229705810547
296.6765590277978,101357.26300679344,0.8265824184945754,29.377001545391405,20200000.0,20200004.620685883,5.163598447821886,20199999.457087435,4.620685882866383,-0.5429125651717186
293.1181094347335,101575.05936953706,0.6456687775170451,78.00728836307354,20200000.0,20200002.854635313,2.5149486688744154,20200000.339686643,2.854635313153267,0.33968664333224297
299.06977655556005,98874.91815789085,0.6297535093320432,33.19429049721356,20200000.0,20200003.896984115,4.471381130525433,20199999.425602984,3.896984115242958,-0.5743970163166523
293.45947323059045,101028.38714097529,0.24665642839248297,43.742874067845776,20200000.0,20200003.73732717,3.4041709180486044,20200000.33315625,3.737327169626951,0.3331562504172325
289.70486319468694,100506.61890240264,0.5628856153616428,23.726839891687504,20200000.0,20200006.157216713,5.925921068071977,20200000.231295645,6.157216712832451,0.231295645236969
299.2424963090786,100123.0559881261,0.3051183005719292,52.75460497530378,20200000.0,20200002.12173587,2.984639236594609,20199999.137096636,2.1217358708381653,-0.8629033640027046
295.3056401747386,100987.67964853685,0.7162036381050398,29.6478250861182,20200000.0,20200004.671601534,5.010383861082116,20199999.661217675,4.6716015338897705,-0.33878232538700104
289.00101538269416,103482.22383221943,0.5585553445688721,24.489480490689875,20200000.0,20200006.500483423,5.903428723319074,20200000.5970547,6.500483423471451,0.5970547012984753
292.38864528766555,102094.01143352041,0.6761594454458473,46.160083991218535,20200000.0,20200002.932699896,3.4232826609075464,20199999.509417236,2.9326998963952065,-0.49058276414871216
289.64752698646095,100639.58521226064,0.229171030421669,10.385405941229457,20200000.0,20200012.594127428,12.826329559848642,20199999.76779787,12.594127427786589,-0.23220213130116463
287.61880107614263,102012.09933762738,0.25935441123206227,10.536482285445773,20200000.0,20200013.04668614,12.815655695184262,20200000.231030446,13.046686138957739,0.2310304455459118
